issue,url,category,prefix
Rastreada: actualmente sin indexar,https://inmonest.com/gestoria/acompanamiento-reserva-arras,gestoria,
Rastreada: actualmente sin indexar,https://inmonest.com/asturias/contrato-alquiler,gestoria,
Rastreada: actualmente sin indexar,https://inmonest.com/gestoria/contrato-alquiler-habitacion/malaga,gestoria,
Rastreada: actualmente sin indexar,https://inmonest.com/gestoria/contrato-alquiler-habitacion/barcelona,gestoria,
Rastreada: actualmente sin indexar,https://inmonest.com/barcelona/contrato-alquiler/sants,gestoria,
Rastreada: actualmente sin indexar,https://inmonest.com/castellon/contrato-alquiler,gestoria,
Rastreada: actualmente sin indexar,https://inmonest.com/gestoria/prestamo-particulares/valencia,gestoria,
Rastreada: actualmente sin indexar,https://inmonest.com/gestoria/prestamo-particulares/barcelona,gestoria,
Rastreada: actualmente sin indexar,https://inmonest.com/gestoria/contrato-alquiler-habitacion/madrid,gestoria,
Rastreada: actualmente sin indexar,https://inmonest.com/gestoria/madrid/agencias,gestoria,
Rastreada: actualmente sin indexar,https://inmonest.com/gestoria/asesoria-compra-piso/sevilla,gestoria,
Rastreada: actualmente sin indexar,https://inmonest.com/gestoria/alquiler-garaje-trastero,gestoria,
Rastreada: actualmente sin indexar,https://inmonest.com/gestoria/rescision-alquiler,gestoria,
Rastreada: actualmente sin indexar,https://inmonest.com/gestoria/prestamo-particulares/bilbao,gestoria,
Rastreada: actualmente sin indexar,https://inmonest.com/gestoria/asesoramiento-arras-venta,gestoria,
Rastreada: actualmente sin indexar,https://inmonest.com/gestoria/due-diligence-precompra/madrid,gestoria,
Rastreada: actualmente sin indexar,https://inmonest.com/gestoria/due-diligence-precompra/bilbao,gestoria,
Rastreada: actualmente sin indexar,https://inmonest.com/gestoria/asesoria-compra-piso/malaga,gestoria,
Rastreada: actualmente sin indexar,https://inmonest.com/gestoria/due-diligence-precompra/coruna,gestoria,
Rastreada: actualmente sin indexar,https://inmonest.com/gestoria/contrato-alquiler-habitacion/zaragoza,gestoria,
Rastreada: actualmente sin indexar,https://inmonest.com/gestoria/contrato-alquiler-habitacion/sevilla,gestoria,
No se ha encontrado (404),https://inmonest.com/gestoria/due-diligence-precompra/,gestoria,
No se ha encontrado (404),https://inmonest.com/gestoria/contrato-alquiler-habitacion/,gestoria,
No se ha encontrado (404),https://inmonest.com/gestoria/prestamo-particulares/,gestoria,
No se ha encontrado (404),https://inmonest.com/gestoria/contrato-alquiler-barcelona,gestoria,
No se ha encontrado (404),https://inmonest.com/gestoria/acompanamiento-venta/valencia,gestoria,
No se ha encontrado (404),https://inmonest.com/gestoria/gestoria/barcelona,gestoria,
No se ha encontrado (404),https://inmonest.com/gestoria/contrato-compraventa/madrid,gestoria,
No se ha encontrado (404),https://inmonest.com/gestoria/contrato-compraventa/barcelona,gestoria,
No se ha encontrado (404),https://inmonest.com/gestoria/revision-contrato-alquiler/madrid,gestoria,
No se ha encontrado (404),https://inmonest.com/gestoria/acompanamiento-venta/barcelona,gestoria,
No se ha encontrado (404),https://inmonest.com/gestoria/solicitar/alquiler-vivienda-lau,gestoria,
No se ha encontrado (404),https://inmonest.com/gestoria/gestoria/madrid,gestoria,
No se ha encontrado (404),https://inmonest.com/gestoria/contrato-compraventa/valencia,gestoria,
No se ha encontrado (404),https://inmonest.com/gestoria/gestoria/valencia,gestoria,
No se ha encontrado (404),https://inmonest.com/gestoria/revision-arras,gestoria,
No se ha encontrado (404),https://inmonest.com/gestoria/solicitar,gestoria,
Página con redirección,https://inmonest.com/gestoria/solicitar/arras-penitenciales?ciudad=coruna,gestoria,
Página con redirección,https://inmonest.com/gestoria/solicitar/arras-penitenciales?ciudad=malaga,gestoria,
Página con redirección,https://inmonest.com/gestoria/due-diligence-precompra,gestoria,
Página con redirección,https://inmonest.com/gestoria/solicitar/arras-penitenciales?ciudad=zaragoza,gestoria,
Página con redirección,https://inmonest.com/gestoria/solicitar/arras-penitenciales?ciudad=barcelona,gestoria,
Página con redirección,https://inmonest.com/gestoria/solicitar/ayuda-propietarios,gestoria,
Página con redirección,https://inmonest.com/gestoria/solicitar/contrato-alquiler?ciudad=barcelona,gestoria,
Página con redirección,https://inmonest.com/gestoria/solicitar/contrato-alquiler?ciudad=madrid,gestoria,
Página con redirección,https://inmonest.com/gestoria/solicitar/contrato-alquiler?ciudad=valencia,gestoria,
Página con redirección,https://inmonest.com/gestoria/,gestoria,
Página con redirección,https://inmonest.com/gestoria/gestoria,gestoria,
Página con redirección,https://inmonest.com/gestoria/contrato-arras,gestoria,
Página con redirección,https://inmonest.com/gestoria/solicitar/arras-penitenciales?ciudad=alicante,gestoria,
Página con redirección,https://inmonest.com/gestoria/revision-contrato-alquiler/barcelona,gestoria,
Página con redirección,https://inmonest.com/gestoria/contrato-alquiler-habitacion,gestoria,
Página con redirección,https://inmonest.com/gestoria/asesoria-compra-piso,gestoria,
Página con redirección,https://inmonest.com/gestoria/revision-contrato-arras,gestoria,
Página con redirección,https://inmonest.com/gestoria/compra-parking-trastero,gestoria,
Página con redirección,https://inmonest.com/gestoria/revision-contrato-alquiler,gestoria,
Página con redirección,https://inmonest.com/gestoria/burofax-desistimiento-alquiler,gestoria,
Página con redirección,https://inmonest.com/gestoria/acompanamiento-venta/madrid,gestoria,
Excluida por una etiqueta "noindex",https://inmonest.com/gestoria/prestamo-particulares/sevilla,gestoria,
Excluida por una etiqueta "noindex",https://inmonest.com/gestoria/acceso-cliente,gestoria,
Excluida por una etiqueta "noindex",https://inmonest.com/gestoria/contrato-alquiler-habitacion/asturias,gestoria,
Excluida por una etiqueta "noindex",https://inmonest.com/gestoria/due-diligence-precompra/zaragoza,gestoria,
Página alternativa con etiqueta canónica adecuada,https://inmonest.com/gestoria?servicio=hipoteca,gestoria,
Página alternativa con etiqueta canónica adecuada,https://inmonest.com/gestoria?q=%7Bsearch_term_string%7D,gestoria,